{"cameraMode":{"drawMode":0,"name":"Shaded","section":"Shading Mode"},"sceneLighting":false,"audioPlay":false,"sceneViewState":{"showFog":true,"showMaterialUpdate":true,"showSkybox":true,"showFlares":true,"showImageEffects":true,"showParticleSystems":true},"in2DMode":false,"pivot":{"x":-7.009751796722412,"y":-1.7709237337112427,"z":-2.7856380939483644},"rotation":{"x":0.546221137046814,"y":-0.0000028316956104390558,"z":-0.0000071219706114789009,"w":0.8377085328102112},"size":22.0,"orthographic":false}