{"cameraMode":{"drawMode":0,"name":"Shaded","section":"Shading Mode"},"sceneLighting":false,"audioPlay":false,"sceneViewState":{"showFog":false,"showMaterialUpdate":false,"showSkybox":false,"showFlares":false,"showImageEffects":false,"showParticleSystems":false},"in2DMode":false,"pivot":{"x":3.873025894165039,"y":26.12630844116211,"z":-30.72286033630371},"rotation":{"x":-0.08562476933002472,"y":-0.04273013770580292,"z":0.0036949000786989929,"w":-0.9954223036766052},"size":10.0,"orthographic":false}