{"cameraMode":{"drawMode":0,"name":"Shaded","section":"Shading Mode"},"sceneLighting":false,"audioPlay":false,"sceneViewState":{"showFog":true,"showMaterialUpdate":true,"showSkybox":true,"showFlares":true,"showImageEffects":true,"showParticleSystems":true},"in2DMode":false,"pivot":{"x":-22.043752670288087,"y":5.536015510559082,"z":-10.916234016418457},"rotation":{"x":0.23642238974571229,"y":-0.033206213265657428,"z":0.008128199726343155,"w":0.9711305499076843},"size":4.286826133728027,"orthographic":false}