{"cameraMode":{"drawMode":0,"name":"Shaded","section":"Shading Mode"},"sceneLighting":false,"audioPlay":false,"sceneViewState":{"showFog":true,"showMaterialUpdate":true,"showSkybox":true,"showFlares":true,"showImageEffects":true,"showParticleSystems":true},"in2DMode":false,"pivot":{"x":-23.0460205078125,"y":16.008474349975587,"z":-2.7571163177490236},"rotation":{"x":0.6368319988250732,"y":0.0003244975523557514,"z":-0.00009760490502230823,"w":0.7711174488067627},"size":4.286826133728027,"orthographic":false}