{"cameraMode":{"drawMode":0,"name":"Shaded","section":"Shading Mode"},"sceneLighting":false,"audioPlay":false,"sceneViewState":{"showFog":true,"showMaterialUpdate":true,"showSkybox":false,"showFlares":true,"showImageEffects":true,"showParticleSystems":true},"in2DMode":false,"pivot":{"x":2.462723731994629,"y":-5.978585243225098,"z":8.838764190673829},"rotation":{"x":0.6157620549201965,"y":-0.003256416181102395,"z":0.002644228981807828,"w":0.7880070209503174},"size":2.8578836917877199,"orthographic":false}