{"cameraMode":{"drawMode":0,"name":"Shaded","section":"Shading Mode"},"sceneLighting":false,"audioPlay":false,"sceneViewState":{"showFog":true,"showMaterialUpdate":true,"showSkybox":true,"showFlares":true,"showImageEffects":true,"showParticleSystems":true},"in2DMode":false,"pivot":{"x":603.4414672851563,"y":354.3535461425781,"z":40.42544937133789},"rotation":{"x":-0.32991543412208559,"y":-0.08987501263618469,"z":0.03157050535082817,"w":-0.939195454120636},"size":280.6033935546875,"orthographic":false}