{"cameraMode":{"drawMode":0,"name":"Shaded","section":"Shading Mode"},"sceneLighting":true,"audioPlay":false,"sceneViewState":{"showFog":true,"showMaterialUpdate":true,"showSkybox":true,"showFlares":true,"showImageEffects":true,"showParticleSystems":true},"in2DMode":false,"pivot":{"x":-1.7173486948013306,"y":9991.10546875,"z":21.464641571044923},"rotation":{"x":-0.16143599152565003,"y":0.04497624188661575,"z":-0.007439683191478252,"w":-0.9858929514884949},"size":22.0,"orthographic":false}