{"cameraMode":{"drawMode":0,"name":"Shaded","section":"Shading Mode"},"sceneLighting":false,"audioPlay":false,"sceneViewState":{"showFog":true,"showMaterialUpdate":true,"showSkybox":true,"showFlares":true,"showImageEffects":true,"showParticleSystems":true},"in2DMode":false,"pivot":{"x":-13.91580867767334,"y":25.089820861816408,"z":-20.89374542236328},"rotation":{"x":-0.1822795420885086,"y":0.0079612135887146,"z":-0.0014766347594559193,"w":-0.9832172989845276},"size":22.0,"orthographic":false}