{"cameraMode":{"drawMode":0,"name":"Shaded","section":"Shading Mode"},"sceneLighting":true,"audioPlay":false,"sceneViewState":{"showFog":true,"showMaterialUpdate":true,"showSkybox":true,"showFlares":true,"showImageEffects":true,"showParticleSystems":true},"in2DMode":false,"pivot":{"x":-16.41371726989746,"y":32.06924819946289,"z":-4.484861373901367},"rotation":{"x":0.5487340092658997,"y":0.0028105343226343395,"z":-0.0017436685739085079,"w":0.8360737562179565},"size":4.286825656890869,"orthographic":false}