{"cameraMode":{"drawMode":0,"name":"Shaded","section":"Shading Mode"},"sceneLighting":false,"audioPlay":false,"sceneViewState":{"showFog":false,"showMaterialUpdate":false,"showSkybox":false,"showFlares":false,"showImageEffects":false,"showParticleSystems":false},"in2DMode":false,"pivot":{"x":-0.4684186577796936,"y":1.5189905166625977,"z":-2.4867966175079347},"rotation":{"x":-0.15418002009391786,"y":0.012447207234799862,"z":-0.0019419137388467789,"w":-0.9879646301269531},"size":1.239465594291687,"orthographic":false}