{"cameraMode":{"drawMode":0,"name":"Shaded","section":"Shading Mode"},"sceneLighting":false,"audioPlay":false,"sceneViewState":{"showFog":false,"showMaterialUpdate":false,"showSkybox":false,"showFlares":false,"showImageEffects":false,"showParticleSystems":false},"in2DMode":false,"pivot":{"x":0.1071479544043541,"y":0.2436109185218811,"z":-0.4825862944126129},"rotation":{"x":-0.16404929757118226,"y":0.6113898158073425,"z":-0.1314702033996582,"w":-0.7628961801528931},"size":1.239465594291687,"orthographic":false}