{"cameraMode":{"drawMode":0,"name":"Shaded","section":"Shading Mode"},"sceneLighting":false,"audioPlay":false,"sceneViewState":{"showFog":false,"showMaterialUpdate":false,"showSkybox":false,"showFlares":false,"showImageEffects":false,"showParticleSystems":false},"in2DMode":false,"pivot":{"x":0.6622791886329651,"y":0.20092040300369264,"z":-1.576718807220459},"rotation":{"x":-0.16159145534038545,"y":0.00946872215718031,"z":-0.0015532628167420626,"w":-0.9868175387382507},"size":2.8578836917877199,"orthographic":false}