{"cameraMode":{"drawMode":0,"name":"Shaded","section":"Shading Mode"},"sceneLighting":true,"audioPlay":false,"sceneViewState":{"showFog":false,"showMaterialUpdate":false,"showSkybox":false,"showFlares":false,"showImageEffects":false,"showParticleSystems":false},"in2DMode":false,"pivot":{"x":-6.2637176513671879,"y":-0.48494017124176028,"z":-0.46715259552001955},"rotation":{"x":-0.07654338330030441,"y":0.7768222093582153,"z":-0.09627795219421387,"w":-0.6175915002822876},"size":10.0,"orthographic":false}