{"cameraMode":{"drawMode":0,"name":"Shaded","section":"Shading Mode"},"sceneLighting":false,"audioPlay":false,"sceneViewState":{"showFog":false,"showMaterialUpdate":false,"showSkybox":false,"showFlares":false,"showImageEffects":false,"showParticleSystems":false},"in2DMode":false,"pivot":{"x":-0.5141202807426453,"y":-1.4718027114868165,"z":10.490640640258789},"rotation":{"x":-0.17489789426326753,"y":0.013861929066479206,"z":-0.002522445749491453,"w":-0.9845463037490845},"size":22.0,"orthographic":false}